{
  "clone_detection": {
    "codebert": {
      "code+vh_projection": {
        "precision": 0.6129032258064516,
        "recall": 0.76,
        "f1": 0.6785714285714285
      },
      "code+cg_projection": {
        "precision": 0.6,
        "recall": 0.84,
        "f1": 0.7000000000000001
      },
      "code+vh+cg_projection": {
        "precision": 0.7037037037037037,
        "recall": 0.76,
        "f1": 0.7307692307692308
      }
    }
  },
  "classification": {
    "codebert": {
      "code+vh_projection": {
        "accuracy": 0.7421383647798742,
        "macro_f1": 0.5852286938650575
      },
      "code+cg_projection": {
        "accuracy": 0.7861635220125787,
        "macro_f1": 0.655082714279896
      },
      "code+vh+cg_projection": {
        "accuracy": 0.7295597484276729,
        "macro_f1": 0.5816428885866682
      }
    }
  }
}